title,article_url,archive_image_url,filename,status
A day in the life,https://rarerevolutionmagazine.com/a-day-in-the-life-a-medically-complex-condition-that-is-as-unpredictable-as-the-weather/,https://rare-revolution-wp-images.s3.eu-west-1.amazonaws.com/wp-content/uploads/2023/11/22122408/Day-In-The-Life-Andrea-Torres.png,a-day-in-the-life-e2bebbb2.png,downloaded
A day in the life,https://rarerevolutionmagazine.com/a-day-in-the-life-cathy-moughton-pspa-helpline-care-navigator/,https://rare-revolution-wp-images.s3.eu-west-1.amazonaws.com/wp-content/uploads/2023/05/10095957/Cathy-PSPA.png,a-day-in-the-life-1045279c.png,downloaded
A day in the life,https://rarerevolutionmagazine.com/a-day-in-the-life-a-glimpse-into-my-life-living-with-scleroderma/,https://rare-revolution-wp-images.s3.eu-west-1.amazonaws.com/wp-content/uploads/2023/09/06095657/Melissa-Card.png,a-day-in-the-life-f1772b64.png,downloaded
A day in the life,https://rarerevolutionmagazine.com/a-day-in-the-life-living-with-bardet-biedl-syndrome-tessas-story/,https://rare-revolution-wp-images.s3.eu-west-1.amazonaws.com/wp-content/uploads/2024/02/16160414/Day-In-The-Life-Tessa.png,a-day-in-the-life-7449b9d2.png,downloaded
A day in the life,https://rarerevolutionmagazine.com/a-day-in-the-life-graduation-day-for-raymond-humls-son-jon/,https://rare-revolution-wp-images.s3.eu-west-1.amazonaws.com/wp-content/uploads/2023/06/08151746/Day-In-The-Life-RaymondJon.png,a-day-in-the-life-1b5cb7a6.png,downloaded
A day in the life,https://rarerevolutionmagazine.com/a-day-in-the-life-josiahs-diagnosis-with-familial-cold-autoinflammatory-syndrome/,https://rare-revolution-wp-images.s3.eu-west-1.amazonaws.com/wp-content/uploads/2023/06/08123630/Ralph-cardIn-The-Life-Josiah.png,a-day-in-the-life-f41a9cb2.png,downloaded
A day in the life,https://rarerevolutionmagazine.com/a-day-in-the-life-living-with-dyskeratosis-congenita-dc-paulas-story/,https://rare-revolution-wp-images.s3.eu-west-1.amazonaws.com/wp-content/uploads/2024/04/15160843/Day-In-The-Life-.png,a-day-in-the-life-e618a3aa.png,downloaded
A day in the life,https://rarerevolutionmagazine.com/a-day-in-the-life-living-with-sickle-cell-anaemia-naomis-story/,https://rare-revolution-wp-images.s3.eu-west-1.amazonaws.com/wp-content/uploads/2024/08/28154713/Naomi-2.png,a-day-in-the-life-1b37ffdf.png,downloaded
A day in the life,https://rarerevolutionmagazine.com/a-day-in-the-life-navigating-our-way-through-the-labyrinth-of-a-newly-discovered-disease/,https://rare-revolution-wp-images.s3.eu-west-1.amazonaws.com/wp-content/uploads/2023/10/06160017/Mel-Dixon-Card.png,a-day-in-the-life-8ad0118b.png,downloaded
A day in the life,https://rarerevolutionmagazine.com/a-day-in-the-life-of-a-pspa-helpline-manager/,https://rare-revolution-wp-images.s3.eu-west-1.amazonaws.com/wp-content/uploads/2024/10/08141059/Jules-Card.png,a-day-in-the-life-1c807df5.png,downloaded
A day in the life,https://rarerevolutionmagazine.com/a-day-in-the-life-vicky-mum-to-tiger-lily/,https://rare-revolution-wp-images.s3.eu-west-1.amazonaws.com/wp-content/uploads/2025/11/17125817/KMB-card.png,a-day-in-the-life-b8c2dc6a.png,downloaded
A day in the life,https://rarerevolutionmagazine.com/a-day-in-the-life-reconciling-grief-and-gratitude/,https://rare-revolution-wp-images.s3.eu-west-1.amazonaws.com/wp-content/uploads/2025/11/27110436/KMB-card-1.png,a-day-in-the-life-fbcb23d3.png,downloaded
A day in the life,https://rarerevolutionmagazine.com/a-day-in-the-life-with-behcets-disease-pamela-price/,https://rare-revolution-wp-images.s3.eu-west-1.amazonaws.com/wp-content/uploads/2023/03/20121851/Day-In-The-Life-Pamela.png,a-day-in-the-life-58bd1f01.png,downloaded
A day in the life,https://rarerevolutionmagazine.com/a-day-in-the-life-with-hypokalemic-periodic-paralysis-ralph-berthiaume/,https://rare-revolution-wp-images.s3.eu-west-1.amazonaws.com/wp-content/uploads/2023/05/17165052/Ralph-cardIn-The-Life-Pamela.png,a-day-in-the-life-cc1b8866.png,downloaded
A day in the life,https://rarerevolutionmagazine.com/davids-journey-with-stiff-person-syndrome/,https://rare-revolution-wp-images.s3.eu-west-1.amazonaws.com/wp-content/uploads/2024/02/14121157/Day-In-The-Life-David-Napier.png,a-day-in-the-life-f7d202ae.png,downloaded
A day in the life,https://rarerevolutionmagazine.com/drunk-or-disabled-challenges-with-ataxia/,https://rare-revolution-wp-images.s3.eu-west-1.amazonaws.com/wp-content/uploads/2024/09/12104836/Josiah-Card.png,a-day-in-the-life-2b90dcde.png,downloaded
A day in the life,https://rarerevolutionmagazine.com/josiahstrong-living-with-familial-cold-autoinflammatory-syndrome-one-year-on/,https://rare-revolution-wp-images.s3.eu-west-1.amazonaws.com/wp-content/uploads/2024/08/02125130/Josiah-Card.png,a-day-in-the-life-6ec21bb2.png,downloaded
A day in the life,https://rarerevolutionmagazine.com/if-youre-not-dancing-something-is-wrong/,https://rare-revolution-wp-images.s3.eu-west-1.amazonaws.com/wp-content/uploads/2024/05/30152744/Day-In-The-Life-Lea-Jabre.png,a-day-in-the-life-4e04e52c.png,downloaded
A day in the life,https://rarerevolutionmagazine.com/my-year-at-rare-youth-revolution/,https://rare-revolution-wp-images.s3.eu-west-1.amazonaws.com/wp-content/uploads/2022/01/26094209/New-Website-Blog-Image-Cards-400-x-400-px-1-1.png,a-day-in-the-life-2eccdb57.png,downloaded
A day in the life,https://rarerevolutionmagazine.com/rare-employment-qa-with-police-inspector-david-singleton-2/,https://rare-revolution-wp-images.s3.eu-west-1.amazonaws.com/wp-content/uploads/2021/10/08161437/7-1.png,a-day-in-the-life-e92fa320.png,downloaded
A day in the life,https://rarerevolutionmagazine.com/professional-careers-and-rare-disease-finding-a-balance-that-works-2/,https://rare-revolution-wp-images.s3.eu-west-1.amazonaws.com/wp-content/uploads/2021/10/08161437/8-2.png,a-day-in-the-life-b8a16f68.png,downloaded
A day in the life,https://rarerevolutionmagazine.com/realising-our-workplace-vision-2/,https://rare-revolution-wp-images.s3.eu-west-1.amazonaws.com/wp-content/uploads/2021/10/08161436/6-1.png,a-day-in-the-life-c18012e6.png,downloaded
A day in the life,https://rarerevolutionmagazine.com/the-weight-of-stillness-a-journey-with-dystonia-a-first-journal-entry/,https://rare-revolution-wp-images.s3.eu-west-1.amazonaws.com/wp-content/uploads/2026/03/23113828/bj-card.png,a-day-in-the-life-ac30339e.png,downloaded
