"No.","Title","Article link","Resolved image URL","Resolution source","Filename","Bytes"
"1","The weight of stillness – a journey with dystonia: a first journal entry","https://rarerevolutionmagazine.com/the-weight-of-stillness-a-journey-with-dystonia-a-first-journal-entry/","https://rare-revolution-wp-images.s3.eu-west-1.amazonaws.com/wp-content/uploads/2026/03/23113757/Website-Wide-Card-1650-x-620-px-3-1.png","Article metadata","01_The-weight-of-stillness-a-journey-with-dystonia-a-first-journal-entry.png","1656719"
"2","A day in the life: reconciling grief and gratitude","https://rarerevolutionmagazine.com/a-day-in-the-life-reconciling-grief-and-gratitude/","https://rare-revolution-wp-images.s3.eu-west-1.amazonaws.com/wp-content/uploads/2025/11/27110412/any.png","Article metadata","02_A-day-in-the-life-reconciling-grief-and-gratitude.png","463561"
"3","A day in the life: Vicky, Mum to Tiger-Lily","https://rarerevolutionmagazine.com/a-day-in-the-life-vicky-mum-to-tiger-lily/","https://rare-revolution-wp-images.s3.eu-west-1.amazonaws.com/wp-content/uploads/2025/11/17125802/kmb-Wide-Card.png","Article metadata","03_A-day-in-the-life-Vicky-Mum-to-Tiger-Lily.png","1497675"
"4","A Day in the Life: living with sickle cell anaemia-Naomi’s story","https://rarerevolutionmagazine.com/a-day-in-the-life-living-with-sickle-cell-anaemia-naomis-story/","https://rare-revolution-wp-images.s3.eu-west-1.amazonaws.com/wp-content/uploads/2021/11/21153507/Brown-and-White-Minimalist-Personal-LinkedIn-Background-Photo.png","Article metadata","04_A-Day-in-the-Life-living-with-sickle-cell-anaemia-Naomi-s-story.png","61228"
"5","A day in the life of a PSPA helpline manager","https://rarerevolutionmagazine.com/a-day-in-the-life-of-a-pspa-helpline-manager/","https://rare-revolution-wp-images.s3.eu-west-1.amazonaws.com/wp-content/uploads/2021/11/21153507/Brown-and-White-Minimalist-Personal-LinkedIn-Background-Photo.png","Article metadata","05_A-day-in-the-life-of-a-PSPA-helpline-manager.png","61228"
"6","Drunk or disabled? – challenges with ataxia","https://rarerevolutionmagazine.com/drunk-or-disabled-challenges-with-ataxia/","https://rare-revolution-wp-images.s3.eu-west-1.amazonaws.com/wp-content/uploads/2021/11/21153507/Brown-and-White-Minimalist-Personal-LinkedIn-Background-Photo.png","Article metadata","06_Drunk-or-disabled-challenges-with-ataxia.png","61228"
"7","#JosiahStrong: Living with familial cold autoinflammatory syndrome—one year on","https://rarerevolutionmagazine.com/josiahstrong-living-with-familial-cold-autoinflammatory-syndrome-one-year-on/","https://rare-revolution-wp-images.s3.eu-west-1.amazonaws.com/wp-content/uploads/2021/11/21153507/Brown-and-White-Minimalist-Personal-LinkedIn-Background-Photo.png","Article metadata","07_JosiahStrong-Living-with-familial-cold-autoinflammatory-syndrome-one-year-on.png","61228"
"8","If you’re not dancing, something is wrong…","https://rarerevolutionmagazine.com/if-youre-not-dancing-something-is-wrong/","https://rare-revolution-wp-images.s3.eu-west-1.amazonaws.com/wp-content/uploads/2024/04/30151358/image1.jpeg","Article metadata","08_If-you-re-not-dancing-something-is-wrong.jpg","481666"
"9","A day in the life: living with dyskeratosis congenita (DC)—Paula’s story","https://rarerevolutionmagazine.com/a-day-in-the-life-living-with-dyskeratosis-congenita-dc-paulas-story/","https://rare-revolution-wp-images.s3.eu-west-1.amazonaws.com/wp-content/uploads/2021/11/21153507/Brown-and-White-Minimalist-Personal-LinkedIn-Background-Photo.png","Article metadata","09_A-day-in-the-life-living-with-dyskeratosis-congenita-DC-Paula-s-story.png","61228"
"10","A day in the life: living with Bardet-Biedl syndrome—Tessa’s story","https://rarerevolutionmagazine.com/a-day-in-the-life-living-with-bardet-biedl-syndrome-tessas-story/","https://rare-revolution-wp-images.s3.eu-west-1.amazonaws.com/wp-content/uploads/2021/11/21153507/Brown-and-White-Minimalist-Personal-LinkedIn-Background-Photo.png","Article metadata","10_A-day-in-the-life-living-with-Bardet-Biedl-syndrome-Tessa-s-story.png","61228"
"11","Don’t let your condition define you! David’s journey with stiff person syndrome","https://rarerevolutionmagazine.com/davids-journey-with-stiff-person-syndrome/","https://rare-revolution-wp-images.s3.eu-west-1.amazonaws.com/wp-content/uploads/2021/11/21153507/Brown-and-White-Minimalist-Personal-LinkedIn-Background-Photo.png","Article metadata","11_Don-t-let-your-condition-define-you-David-s-journey-with-stiff-person-syndrome.png","61228"
"12","A day in the life: a medically complex condition that is as unpredictable as the weather","https://rarerevolutionmagazine.com/a-day-in-the-life-a-medically-complex-condition-that-is-as-unpredictable-as-the-weather/","https://rare-revolution-wp-images.s3.eu-west-1.amazonaws.com/wp-content/uploads/2021/11/21153507/Brown-and-White-Minimalist-Personal-LinkedIn-Background-Photo.png","Article metadata","12_A-day-in-the-life-a-medically-complex-condition-that-is-as-unpredictable-as-the-weather.png","61228"
"13","A day in the life: navigating our way through the labyrinth of a newly discovered disease","https://rarerevolutionmagazine.com/a-day-in-the-life-navigating-our-way-through-the-labyrinth-of-a-newly-discovered-disease/","https://rare-revolution-wp-images.s3.eu-west-1.amazonaws.com/wp-content/uploads/2021/11/21153507/Brown-and-White-Minimalist-Personal-LinkedIn-Background-Photo.png","Article metadata","13_A-day-in-the-life-navigating-our-way-through-the-labyrinth-of-a-newly-discovered-disease.png","61228"
"14","A day in the life: a glimpse into my life living with scleroderma","https://rarerevolutionmagazine.com/a-day-in-the-life-a-glimpse-into-my-life-living-with-scleroderma/","https://rare-revolution-wp-images.s3.eu-west-1.amazonaws.com/wp-content/uploads/2021/11/21153507/Brown-and-White-Minimalist-Personal-LinkedIn-Background-Photo.png","Article metadata","14_A-day-in-the-life-a-glimpse-into-my-life-living-with-scleroderma.png","61228"
"15","A day in the life: graduation day for Raymond Huml’s son, Jon","https://rarerevolutionmagazine.com/a-day-in-the-life-graduation-day-for-raymond-humls-son-jon/","https://rare-revolution-wp-images.s3.eu-west-1.amazonaws.com/wp-content/uploads/2021/11/21153507/Brown-and-White-Minimalist-Personal-LinkedIn-Background-Photo.png","Article metadata","15_A-day-in-the-life-graduation-day-for-Raymond-Huml-s-son-Jon.png","61228"
"16","A day in the life: Josiah’s diagnosis with familial cold autoinflammatory syndrome","https://rarerevolutionmagazine.com/a-day-in-the-life-josiahs-diagnosis-with-familial-cold-autoinflammatory-syndrome/","https://rare-revolution-wp-images.s3.eu-west-1.amazonaws.com/wp-content/uploads/2021/11/21153507/Brown-and-White-Minimalist-Personal-LinkedIn-Background-Photo.png","Article metadata","16_A-day-in-the-life-Josiah-s-diagnosis-with-familial-cold-autoinflammatory-syndrome.png","61228"
"17","A day in the life: Cathy Moughton, PSPA helpline care navigator","https://rarerevolutionmagazine.com/a-day-in-the-life-cathy-moughton-pspa-helpline-care-navigator/","https://rare-revolution-wp-images.s3.eu-west-1.amazonaws.com/wp-content/uploads/2021/11/21153507/Brown-and-White-Minimalist-Personal-LinkedIn-Background-Photo.png","Article metadata","17_A-day-in-the-life-Cathy-Moughton-PSPA-helpline-care-navigator.png","61228"
"18","A day in the life with hypokalemic periodic paralysis: Ralph Berthiaume","https://rarerevolutionmagazine.com/a-day-in-the-life-with-hypokalemic-periodic-paralysis-ralph-berthiaume/","https://rare-revolution-wp-images.s3.eu-west-1.amazonaws.com/wp-content/uploads/2021/11/21153507/Brown-and-White-Minimalist-Personal-LinkedIn-Background-Photo.png","Article metadata","18_A-day-in-the-life-with-hypokalemic-periodic-paralysis-Ralph-Berthiaume.png","61228"
"19","A day in the life with Behcet’s disease: Pamela Price","https://rarerevolutionmagazine.com/a-day-in-the-life-with-behcets-disease-pamela-price/","https://rare-revolution-wp-images.s3.eu-west-1.amazonaws.com/wp-content/uploads/2021/11/21153507/Brown-and-White-Minimalist-Personal-LinkedIn-Background-Photo.png","Article metadata","19_A-day-in-the-life-with-Behcet-s-disease-Pamela-Price.png","61228"
"20","My year at RARE Youth Revolution","https://rarerevolutionmagazine.com/my-year-at-rare-youth-revolution/","https://rare-revolution-wp-images.s3.eu-west-1.amazonaws.com/wp-content/uploads/2021/11/21153507/Brown-and-White-Minimalist-Personal-LinkedIn-Background-Photo.png","Article metadata","20_My-year-at-RARE-Youth-Revolution.png","61228"
